Temperature_C,Discount_%,Advertising_$,Weekend_Indicator,Most_Selling_Product
32.49080237694725,9.256646441930982,3355.3511536231536,0,Cold Drinks
44.01428612819832,27.095047368917907,3222.8091916479984,0,Ice Cream
39.6398788362281,43.647291793820415,9156.29122468933,0,Ice Cream
36.97316968394073,36.61124432047806,3245.915798645555,1,Ice Cream
28.12037280884873,40.328057393072484,3447.547535157679,0,Sunscreen
28.119890406724053,32.93916833553587,7834.584361761674,1,Swimwear
26.161672243363988,34.613828225892625,5047.65858205486,1,Sunscreen
42.3235229154987,42.459782578265965,7990.395012596631,0,Ice Cream
37.022300234864176,12.483400442959297,1588.2954180794673,0,Cold Drinks
39.161451555920905,24.471248182157023,5388.140743060459,1,Ice Cream
25.411689885916047,11.060472090980111,1302.5224016495436,1,Sunscreen
44.39819704323989,49.38340039983235,1563.8788310981909,0,Ice Cream
41.648852816008436,47.202966984330665,9157.937080099699,0,Ice Cream
29.246782213565524,1.971340568425295,2253.2083400583565,0,Sunscreen
28.636499344142013,35.27875862578442,5791.786140476954,1,Sunscreen
28.668090197068675,46.26241587078329,4699.860423406359,1,Sunscreen
31.084844859190753,9.028767256366677,4126.089936329584,1,Cold Drinks
35.49512863264476,28.397261527631475,9098.500111185453,1,Ice Cream
33.638900372842315,45.774414879402094,1196.4105709794055,1,Sunscreen
30.824582803960837,1.697298929289942,6974.107175580301,0,Cold Drinks
37.23705789444759,34.871013362342,9670.549907921953,0,Ice Cream
27.789877213040835,14.867450368627539,6041.513651156578,1,Sunscreen
30.842892970704362,46.21980976882652,9431.402158297826,1,Swimwear
32.327236865873836,48.552912258268385,1470.320913574214,0,Sunscreen
34.121399684340716,47.213324455671696,4769.139871667452,0,Sunscreen
40.70351922786027,23.71071083287319,3341.4201186584605,0,Ice Cream
28.993475643167194,43.10213254946567,7577.388684826568,0,Sunscreen
35.28468876827223,42.22746992675352,9831.67381447522,1,Ice Cream
36.84829137724085,15.955023662162782,3308.7705619982303,0,Sunscreen
25.929008254399953,41.44577370753387,6887.57141326667,1,Sunscreen
37.150897038028766,1.850381735774631,2782.878694837661,0,Cold Drinks
28.41048247374583,29.81349392410265,6087.972291144489,0,Sunscreen
26.30103185970559,11.500441864385152,5175.392380195026,0,Sunscreen
43.977710745066666,6.0283442888639405,9748.047966683833,1,Swimwear
44.31264066149119,3.847660081460458,6476.745454268199,1,Cold Drinks
41.167946962329225,34.81443879390699,4145.557348781369,0,Ice Cream
31.092275383467413,16.993748188403305,2026.8620639914004,1,Sunscreen
26.95344228012768,36.238338576438075,2361.221458614411,1,Sunscreen
38.684660530243136,3.2678170399471185,3027.8523695611157,0,Cold Drinks
33.80304987479202,15.764516891530517,3258.699952062682,0,Sunscreen
27.440764696895577,26.974564618766863,8655.54452057024,1,Swimwear
34.903538202225405,39.53615824194818,6051.005094542725,1,Sunscreen
25.687770422304368,15.937625146603496,5710.518202369298,1,Sunscreen
43.186408041575646,31.294568821850454,2032.9198468229572,0,Ice Cream
30.17559963200034,44.29888741180935,8741.257240144914,0,Sunscreen
38.25044568707964,30.79315940911523,7505.328728876353,1,Ice Cream
31.23422152178822,11.647973737681689,1609.0152571000142,0,Cold Drinks
35.40136042355621,1.220039077826901,7370.515875067918,0,Cold Drinks
35.934205586865595,43.50494369504649,5891.843956083814,1,Ice Cream
28.69708911051054,1.063470542519357,1735.5281117210043,1,Sunscreen
44.39169255529117,43.73508363420997,5124.705773757908,0,Ice Cream
40.502656467222295,26.4468567013606,5362.266584170423,0,Ice Cream
43.78997883128378,46.95338492564481,2491.970861469482,1,Ice Cream
42.89654700855297,39.93916178868327,9511.28332300254,0,Ice Cream
36.9579995762217,49.89670552666687,8649.778343325957,0,Ice Cream
43.437484700462335,17.535590772585508,7021.201035961975,1,Sunscreen
26.76985004103839,38.35941444655634,5160.660049005465,1,Sunscreen
28.919657248382904,20.096545680462107,4705.889874260576,0,Sunscreen
25.90454577821076,23.99378101519544,6858.761204358588,0,Sunscreen
31.506606615265287,31.375273160918503,5908.88682466215,0,Sunscreen
32.77354579378964,43.68385570931694,1560.4579529369705,1,Sunscreen
30.426980635477918,49.20417345996476,5612.523838932985,0,Sunscreen
41.57475018303859,38.41367069322591,8257.632555095555,0,Ice Cream
32.135066533871786,20.888339108366687,5133.158898372622,1,Sunscreen
30.618690193747614,21.06785011385351,1467.6091979884156,1,Sunscreen
35.85392166316497,36.879115079444574,8076.503794456298,0,Ice Cream
27.818484499495252,11.938857288415116,2812.2740392237693,1,Sunscreen
41.043939615080795,5.523705656569733,3327.587513992349,1,Cold Drinks
26.491012873595416,17.731107882038827,2482.357180890663,0,Sunscreen
44.73773873201034,14.361949582704087,3971.935583843478,1,Cold Drinks
40.44489538593315,14.815406022799504,7810.763551197715,1,Swimwear
28.974313630683447,11.680387552495496,5674.472735535436,0,Sunscreen
25.110442342472048,2.104659481818094,2843.931467356413,1,Sunscreen
41.30922856909668,0.8936967366706905,8900.470703368366,0,Cold Drinks
39.13714687695234,49.386119486801576,8916.236694563762,0,Ice Cream
39.58014336081975,21.388656686793116,8835.205825414061,1,Ice Cream
40.42540693371892,19.216332357984083,3149.1659024338537,1,Sunscreen
26.480893034681806,33.982364134653494,5061.1540976288925,1,Sunscreen
32.169314570885454,10.912694393253208,9864.906905267875,0,Cold Drinks
27.317381190502594,47.49805919751127,7948.112286789913,1,Swimwear
42.26206851751187,39.3172507207776,1244.5067910300384,0,Ice Cream
37.46596253655116,4.470550115612975,1586.8413213444285,1,Cold Drinks
31.617960497052984,20.87903878924642,5175.3823913109945,1,Sunscreen
26.27116700572047,43.95591537810824,9182.981852754041,1,Swimwear
31.219646434313244,47.23660111457051,5848.316181574428,0,Sunscreen
31.503666440534943,23.370075562493486,5480.312572308612,1,Sunscreen
39.59212356676128,30.670569460535386,1949.2632996096754,1,Ice Cream
37.75114942710427,8.35169730460376,6911.020942518647,0,Cold Drinks
42.744254851526534,49.558431306848824,8398.928445402029,0,Ice Cream
34.44429850323898,11.58358506917217,4423.780067568061,1,Cold Drinks
27.391884918766035,47.136588706756285,7980.506658327948,1,Swimwear
39.2648957444599,32.482332449618426,9680.289885107304,1,Ice Cream
40.21570097233795,30.386839743942957,2833.898132149202,0,Ice Cream
36.22554395138992,25.63442555082543,5709.966680752672,0,Ice Cream
40.41934359909122,11.533490585887934,3584.2416227611798,0,Cold Drinks
34.87591192728782,8.826401600275414,8135.689771304555,0,Cold Drinks
35.45465658763988,11.024310453508768,6198.3402929304175,1,Cold Drinks
33.55082036717099,9.321913107212726,6711.241757952734,0,Cold Drinks
25.508382534881903,38.97922367833767,8181.227436543047,0,Sunscreen
27.157828539866088,17.506262958336507,4563.734253962094,0,Sunscreen
25.628583713734685,2.8921338281698183,9235.81061566339,1,Swimwear
37.72820822527561,48.45513150704057,5797.25980521526,1,Ice Cream
31.287119621526536,44.18929424817129,2421.5934055181324,0,Sunscreen
35.17141382329406,46.387614159760645,7263.092063519222,0,Ice Cream
43.15132947852186,49.745391132321764,8139.35215394429,1,Ice Cream
29.9858445829775,8.694762460974365,3850.85509360774,1,Sunscreen
33.207658460712594,19.812100945132936,8714.613312988777,1,Swimwear
40.11102277086097,37.911923785204564,9155.289292891897,1,Ice Cream
29.57596330983245,34.80103090268961,3492.1403864002805,1,Sunscreen
26.53959819657586,7.694795316992753,9851.693254437,1,Swimwear
30.79502905827536,40.79165624953089,2266.403752438826,1,Sunscreen
28.22442574508009,11.222028591833034,2818.1410156224097,1,Sunscreen
43.59395304685146,11.190880741131155,2658.023553142235,0,Cold Drinks
41.16240759128834,26.84872114467068,9045.907390070834,0,Ice Cream
37.66807513020847,29.646996742085157,6888.632970924657,0,Ice Cream
42.429211803754356,29.00431039189056,2368.938549000456,0,Ice Cream
41.07344153798229,4.574341869887744,4962.91076531514,0,Cold Drinks
28.731401177720716,43.87304313151902,6537.6822256282185,0,Sunscreen
42.85117996979956,13.280002129435303,1751.1767649044496,1,Cold Drinks
35.786844838313016,6.475746064140209,8941.747315666049,1,Swimwear
41.14880310328125,44.43740399344886,8232.431818973817,0,Ice Cream
42.92182599846986,47.78257491148767,5546.860962189744,0,Ice Cream
31.360069499437277,43.106380863272534,9704.139537332534,1,Swimwear
27.201038490553536,40.475803736243904,4759.848813475897,1,Sunscreen
29.558703250838832,32.76209903195109,9856.99287132848,1,Swimwear
33.54215577252513,27.542868530456964,7011.279989232644,0,Sunscreen
41.36029531844986,4.349337995570507,6712.041459285473,1,Cold Drinks
42.21461166512687,20.422660653534937,2493.594057662065,0,Ice Cream
25.139042610623815,18.6344258506157,8937.349824741796,0,Sunscreen
35.214946051551316,12.98768918801631,4847.407191285536,1,Cold Drinks
33.34822006297558,36.17100568442925,2460.1006520423143,1,Sunscreen
29.442156209414605,24.79378675393854,1113.4676797818313,0,Sunscreen
27.397307346673657,4.052310795382397,6037.801152745443,1,Sunscreen
31.75230342807256,11.009160097490566,5746.596599104087,1,Cold Drinks
43.858194078250385,34.162938182979794,7474.182601322427,0,Ice Cream
31.464058640415104,3.8065429745150094,9012.322477160218,1,Swimwear
35.37581243486732,42.56034570243843,1714.6592617872657,0,Ice Cream
39.060379177903556,24.757326350698715,7583.468413063261,0,Ice Cream
32.27259204758588,24.0293288663324,2686.70749687824,1,Sunscreen
44.435641654419214,29.62038923297588,8723.593478414476,0,Ice Cream
44.24894589884222,41.234048296257455,8371.571624754906,0,Ice Cream
30.035645916507285,17.390460395109653,5867.1437948698995,1,Sunscreen
34.94497011784771,33.90080762795318,7392.1851876098035,1,Sunscreen
31.017566196335395,28.28659819978955,3829.1510186537357,1,Sunscreen
30.696809887549353,13.351413508471065,5240.511090395332,0,Cold Drinks
25.737738947090655,43.9314993177579,8394.732079394245,0,Sunscreen
37.19128667959794,39.871301080346406,5133.386774558925,1,Ice Cream
35.05358046457723,32.922591732921276,4220.184387928976,0,Ice Cream
26.029575024999787,42.52908645471209,5447.912025252699,1,Sunscreen
30.57292928473223,43.364710047990116,8454.243271934965,1,Swimwear
43.165317719333075,35.41814883575174,4016.8724263378544,0,Ice Cream
29.79123781333945,41.8506664181836,2563.854338221694,1,Sunscreen
27.897897441824462,34.87357308346418,7408.1261829770265,0,Sunscreen
34.789055205551264,34.00703858801502,8433.803914372736,0,Sunscreen
44.71300908221201,30.930568910759217,1905.7373067118,1,Ice Cream
29.84110543023001,37.63583197788206,3158.8670148035026,0,Sunscreen
38.44271094811757,7.930255264653685,2277.747907848945,1,Cold Drinks
40.232392306574354,44.04353795994642,4131.4727042395,0,Ice Cream
29.752750879847994,43.5921763872616,5053.158810148714,0,Sunscreen
39.56432697223719,1.4623641517279573,7739.437032669758,0,Cold Drinks
32.355662654385064,41.290837528238136,6860.328263935067,1,Sunscreen
37.64611661187159,6.4434933736722595,6588.35710730588,0,Cold Drinks
37.670594215217896,16.755942712957093,4171.37451948689,1,Sunscreen
35.71549368149517,37.17541281458039,8573.027977762838,0,Ice Cream
26.805795401088165,8.03799480241541,5241.584506583481,0,Sunscreen
41.70604991178476,40.89835120595311,9811.944442136391,1,Ice Cream
31.415601299434716,41.606708897887096,6707.279244661631,1,Sunscreen
28.730370207997083,25.373386688041812,2136.3826740805243,1,Sunscreen
25.81550283109528,0.319293585841679,7085.598058678906,1,Sunscreen
36.81785886376484,14.351906658745639,3925.936138885291,1,Cold Drinks
38.55128723684565,30.84634591878711,7176.944770174877,0,Ice Cream
25.331756578557123,49.059308901371175,1626.7703334616517,0,Sunscreen
35.24186116598562,31.59067635083342,2573.9329345836345,1,Ice Cream
29.529915503958758,12.99017905320799,8701.635330152076,0,Sunscreen
37.903455808188994,31.700285154980566,3044.616013211634,0,Ice Cream
28.487328580099827,26.999268985792774,8533.37012718646,0,Sunscreen
38.81875476204932,38.99226975755718,3513.484796089694,1,Ice Cream
32.734706926010745,5.349031941347921,6785.937190528369,0,Cold Drinks
43.73459977473469,38.0513951251014,7247.355161588479,0,Ice Cream
27.750418882919867,27.063328933805515,5613.892778305476,0,Sunscreen
31.82132702100517,48.149600192949734,3747.7960902705818,1,Sunscreen
27.269470424811782,17.093608301934303,2913.799387339865,0,Sunscreen
43.49387236557126,31.631094656697407,1298.704191061836,0,Ice Cream
42.54678706761962,46.60140527550087,3735.517611166514,1,Ice Cream
30.15883255430311,5.125486399533963,6878.4651147815475,1,Cold Drinks
38.199680920683576,46.86142436182256,9444.743366036344,0,Ice Cream
41.34444400402432,34.394286115040664,8840.840340367467,0,Ice Cream
36.10401623198925,3.391852955258595,7894.582988817723,1,Swimwear
35.59301156712013,15.048178347340812,8096.026089279688,1,Swimwear
29.837045818009035,35.40860443226408,6984.864131283957,1,Sunscreen
26.862055356117985,3.367530073438585,3342.581718094027,1,Sunscreen
42.944315159066534,29.108523008813663,9164.755276352469,1,Ice Cream
43.00836114326661,17.294152847647837,7036.590807152506,1,Sunscreen
37.66202914546536,31.045775888373857,6043.96567882396,1,Ice Cream
31.780595820974014,2.2871016906256427,1998.9052229213298,0,Cold Drinks
31.984191492253217,43.576840307618816,5023.4998942578295,1,Sunscreen
39.51911357740479,48.67444845886985,5143.2244408173365,1,Ice Cream
42.94220519905154,48.44389276428458,8781.07248570403,0,Ice Cream
42.741728485302346,37.48259158714624,5919.833981690096,1,Ice Cream
40.597510917152476,6.504312006531599,4423.604940733687,1,Cold Drinks
37.84063292308576,37.913159796451126,9791.202956595935,0,Ice Cream
26.682799299900978,1.2293458229400755,1996.4853399368412,1,Sunscreen
28.232574281892276,1.1061775764498627,4802.9358548075015,0,Sunscreen
42.97108377054158,16.18051095747706,1378.2220765426475,0,Sunscreen
37.1285811931918,24.432159520233288,7659.137086902373,0,Ice Cream
25.183941032332594,38.52037089038966,9262.688969792356,0,Sunscreen
27.02943085732064,34.16476883032526,3520.335965954405,1,Sunscreen
38.27003538216111,22.295135318837417,8725.075091192088,0,Ice Cream
25.101231676924375,13.681333314083293,3629.9640741570797,0,Sunscreen
28.216161028349973,49.856225007885556,9196.931454795236,1,Swimwear
35.97467578733172,21.30906511179865,7785.657132371056,0,Ice Cream
38.83790395385387,22.569351216483774,8244.160991572948,0,Ice Cream
38.03922519005201,8.181191059583458,1162.0590004040905,0,Cold Drinks
29.485386189211198,39.740477437496466,9665.293213666233,0,Sunscreen
39.24358442695072,34.68411128907443,7540.038928632909,1,Ice Cream
29.744981749936002,11.03848063943802,3742.7598584752,0,Sunscreen
31.507993963185356,4.119052280792134,8464.551983729623,1,Swimwear
39.92982810236048,34.02496510373565,3533.6907857343695,1,Ice Cream
37.992657980944294,32.72556071405676,8854.784556095152,0,Ice Cream
41.98446820988356,13.662976349910466,2013.223513707433,0,Cold Drinks
38.15225784600687,47.543178112520515,7333.173797147162,0,Ice Cream
36.36617206670943,7.552894589045012,5866.286289804193,0,Cold Drinks
26.87349535656185,21.616740052130094,1868.8102317589673,1,Sunscreen
32.35431606118867,47.18079600837994,3177.0444543295507,1,Sunscreen
30.30404735363451,20.986365846306114,1111.6363264958331,1,Sunscreen
29.87979286758167,31.92629738320428,5218.9116891805525,0,Sunscreen
44.46021109504891,19.879719898139715,3711.3873468400034,1,Sunscreen
32.861954493335205,13.710760117433502,6385.217358679829,0,Cold Drinks
42.84093110354227,49.19888239799141,3675.140269377555,0,Ice Cream
37.62277251994526,20.46670031575215,3699.272003562862,0,Ice Cream
40.89622607083297,44.70496018395672,7688.738788584431,0,Ice Cream
35.052741862103844,11.497730294554309,1433.2855238051811,0,Cold Drinks
36.53807769252718,10.655235201254165,9126.054956727885,1,Swimwear
34.85035387637728,1.556704144225568,8670.374869520634,1,Swimwear
28.90485975596089,32.58334126879425,7010.242149037658,0,Sunscreen
39.44904230523011,18.426317186188058,6338.994130966459,1,Sunscreen
30.615447248817116,43.21791249198185,9030.72248325687,0,Sunscreen
25.486319328629076,23.66049533457786,2667.97161575843,0,Sunscreen
37.909445918143355,48.40967139573608,1710.7224597174575,0,Ice Cream
28.542213588140978,9.276275785156058,3155.591529185843,1,Sunscreen
43.80917168705828,43.43115839778054,8151.204508301712,0,Ice Cream
44.07857154005175,38.829842639587085,1312.03240053835,0,Ice Cream
43.29728780440897,38.5460922322026,6245.2615157514065,1,Ice Cream
32.40317400510889,42.239161405844385,9958.93764572179,1,Swimwear
25.30913233057735,38.05119954714994,8701.264844537855,1,Swimwear
43.566371251754504,31.31101608157077,5693.011201392305,0,Ice Cream
33.563682966346285,6.562243884119379,1572.7681835797812,0,Cold Drinks
44.33309638087339,1.6263089745625958,8482.361629471388,1,Swimwear
44.272399541785056,46.04239239078434,6390.806573594895,0,Ice Cream
42.060189109347206,30.832515726036902,2034.3969735361015,1,Ice Cream
30.888977841391714,39.826864548808814,1844.715563410206,1,Sunscreen
32.7019545720385,24.076117575627503,9186.641374929332,0,Sunscreen
42.02273343033714,5.865409448119724,7022.8023664427055,0,Cold Drinks
31.338440103125553,6.259289610127522,8463.5811938508,1,Swimwear
28.38985493372185,34.27826436144857,8910.810102540407,1,Swimwear
36.136025249167005,21.515294744973133,6145.9511684349,1,Ice Cream
43.723095483215616,10.026236335016836,5657.0171657953715,1,Cold Drinks
38.920595933499456,24.579727337071844,4873.846692888912,0,Ice Cream
36.4012234017873,3.2104468537567046,3852.5192901200735,1,Cold Drinks
26.943529875415372,29.09857009571994,4911.363647728405,1,Sunscreen
37.3001445339834,13.449670221754884,7964.916901571408,1,Swimwear
44.801077002085265,39.87795503185941,6417.310879136184,0,Ice Cream
27.801680304730482,15.518097946178688,9032.709609593614,0,Sunscreen
35.36659304727473,22.76100745409006,4990.42012941269,1,Ice Cream
42.54746143855911,0.5810269954050318,6463.806208468786,0,Cold Drinks
39.81537235508409,3.622344389727944,6681.767977827898,0,Cold Drinks
38.94031481990536,19.62467782033424,6325.274460756929,0,Sunscreen
39.049681679742186,23.996941735856176,7323.703957769647,1,Ice Cream
32.1898230243951,30.001027405965186,3136.9012153732565,1,Sunscreen
30.871836885289866,14.583128935465162,5611.273997912116,0,Cold Drinks
41.18722310957027,34.74909430632713,1938.0232252751289,1,Ice Cream
41.20226789358362,43.00611985946023,4460.601948803313,1,Ice Cream
42.341446371602075,38.99254944466749,5389.00361759138,0,Ice Cream
43.26481105112943,1.9809412674178573,6870.0183359092525,0,Cold Drinks
35.22684797721875,24.02534736289145,9554.779473275832,1,Ice Cream
35.03032589374399,5.246508920908743,6405.8595989352025,0,Cold Drinks
40.9659035793355,12.102250793126373,7692.345245589038,1,Swimwear
37.999278615555305,49.333129663357326,5556.394535456825,1,Ice Cream
39.03933754515407,7.124777145075662,6706.9362823869815,0,Cold Drinks
40.91585338872202,24.944407672567802,1638.389945203961,1,Ice Cream
42.800106836351326,30.907786715905956,3289.5242275766227,1,Ice Cream
31.759903137030715,35.1232485272052,4256.677838846248,0,Sunscreen
32.511659052798876,27.982434174345705,5252.4401950586225,0,Sunscreen
26.87963879681738,0.48854237095918296,1410.8387095214537,0,Sunscreen
36.565602819923484,16.323065412199593,2260.2168779798594,1,Sunscreen
25.71884547593484,25.885582169235573,3491.328770121752,0,Sunscreen
34.3119603626492,4.393324957241668,9743.794218109457,0,Cold Drinks
35.852892694151535,17.53134656045904,3982.1230639274568,0,Sunscreen
30.730825042565687,1.6601554395683282,5338.369523008742,0,Cold Drinks
36.81666521138021,3.928924857751037,2764.8794146455366,1,Cold Drinks
25.610004998780987,19.846163810079805,6497.020639681914,1,Sunscreen
25.746963774984287,6.635787702153017,3526.1489396437687,0,Sunscreen
41.45201121319317,28.37704241307791,2862.933205945841,1,Ice Cream
32.20381282822526,34.47324845686329,5649.153656013812,0,Sunscreen
27.541210253037697,40.029334955454146,1049.5521924437874,0,Sunscreen
35.444865201096086,10.007512212240504,1068.9762938430279,1,Cold Drinks
40.39987106197222,8.374129112953488,2971.61928191672,1,Cold Drinks
29.316420549936865,5.228392016720012,1330.4922625073903,0,Sunscreen
37.45780951638,31.821512477181834,1972.2317871762225,0,Ice Cream
26.70694929987536,35.32378632434506,4049.7458440487644,1,Sunscreen
26.033634423372153,1.5793072412821019,8223.271116218315,0,Sunscreen
35.627092631362956,46.81061231218449,6148.437790323707,1,Ice Cream
35.81270243220213,2.5985641825736208,5614.0095336077475,0,Cold Drinks
37.74859802996413,27.06481676505352,3641.3994088730947,0,Ice Cream
39.52182667445323,35.453025972545824,9385.783474895348,1,Ice Cream
44.517041589250695,43.54845618730428,4573.135371134726,1,Ice Cream
35.326006966023904,35.70434660662139,1783.8349011619434,1,Ice Cream
31.45912945882492,40.08640415348959,6553.598645060211,1,Sunscreen
40.90372389537407,16.972509627140305,2024.5455412894128,1,Sunscreen
30.416645025241486,40.74125568732561,4107.008285215228,1,Sunscreen
33.77942841411272,4.005742319233757,5566.70744846028,1,Cold Drinks
26.56912762684532,44.74083280302638,8868.002722166582,0,Sunscreen
25.50701486830915,27.37961880768681,5441.919223061068,0,Sunscreen
44.2529682935585,40.864888498124685,7320.328894284979,0,Ice Cream
41.71960241024412,22.615914225915006,9935.351550991632,1,Ice Cream
38.919484121873964,32.178884759826246,2183.402079081835,1,Ice Cream
33.1790588882854,26.320133046805662,3472.583729675676,1,Sunscreen
28.465886401416917,36.579476087766594,4551.184680378818,0,Sunscreen
28.12874085342172,4.081499101529479,4796.453606849482,1,Sunscreen
30.004857963291904,3.01760419952819,4699.189677389912,1,Cold Drinks
35.98453329412241,12.355161700507322,9168.499023008993,0,Cold Drinks
39.29191845400125,7.977234005659417,7426.293800201708,1,Cold Drinks
38.203947534354626,43.589178329610085,6471.146926816334,0,Ice Cream
30.598677938918858,10.960699367902215,3784.3544607650388,0,Cold Drinks
44.097305613263885,48.79326279095657,8414.113457991652,1,Ice Cream
39.75793833391537,16.844789588555344,9595.5446033649,1,Swimwear
36.087081050228015,9.105895784434964,8390.784542952038,1,Swimwear
37.234414924687044,39.484925357123956,1014.0859467232561,0,Ice Cream
33.3920012485558,32.935388775043805,6727.612331650664,0,Sunscreen
29.95461979002315,24.90978582265695,1460.2184329789065,0,Sunscreen
32.11945357302523,27.76817754688156,3318.464983003497,1,Sunscreen
40.15692220928738,35.96008891361319,1535.7223031299452,1,Ice Cream
25.287869772595116,11.422737066564936,6434.15907654449,1,Sunscreen
27.321452810138325,49.816695802837096,7179.309221433461,1,Sunscreen
25.920052840435055,48.73965810733915,2030.3887425931462,0,Sunscreen
25.814576046379404,32.516284317346845,4454.549947404816,0,Sunscreen
42.10921168022014,9.977122546457256,5106.128580599878,0,Cold Drinks
39.07315718760047,34.01141212156457,4321.477195848249,0,Ice Cream
34.4834765817465,3.609920448958792,2089.2250043667373,1,Cold Drinks
26.95668321302003,1.5326251102903032,4770.530111687279,1,Sunscreen
34.83231750233665,12.884144425560685,7760.602430275763,1,Swimwear
34.469435415611315,23.131147836965816,1639.0689807992992,0,Sunscreen
28.464037398200304,43.413625270419026,1721.6201267371312,0,Sunscreen
33.677032984759464,36.3584534883154,4192.941626523858,1,Sunscreen
32.970094687947466,37.13532605999905,9475.531404570325,1,Swimwear
37.317001961044326,21.27466672240377,7017.153820506226,0,Ice Cream
37.701873017352874,17.296749627348145,7108.029610053083,1,Sunscreen
25.90608019544089,18.551938149230136,4257.279917540785,0,Sunscreen
32.49225229252942,49.38247818680289,6342.9471208768455,0,Sunscreen
37.51719831428473,2.005459570624124,1091.1806562496904,0,Cold Drinks
35.062725171601755,43.35157480612243,6724.86441768588,1,Ice Cream
42.12979682376644,28.93377042861967,9219.58252818613,1,Ice Cream
38.1738726323789,21.930770959479524,6513.161215103372,0,Ice Cream
28.258688541628594,36.262883020756824,8863.287341197105,1,Swimwear
26.411374948008596,24.333447071235142,7515.757499194844,0,Sunscreen
37.84838556412631,43.67116190408303,2085.025747633212,0,Ice Cream
25.530226210832435,45.035093200562926,9122.079765572576,0,Sunscreen
36.71551162546926,21.08604634367277,1597.9945992019739,0,Ice Cream
43.80460482849915,13.841389861752578,5805.707252929874,1,Cold Drinks
36.509483557517584,29.61751642966811,2279.234114141119,0,Ice Cream
32.76339852413044,45.61816728083455,1105.3594965781365,0,Sunscreen
37.86576436884707,10.533109450283328,4798.308341148751,1,Cold Drinks
34.16505780983033,31.148329178174137,3655.366368887406,0,Sunscreen
35.9123357863187,31.578011004626028,5374.004444178428,0,Ice Cream
43.8292961755305,36.65565112076405,6194.798980610957,1,Ice Cream
32.722052756015486,6.57838425636299,1393.6516507805263,1,Cold Drinks
44.22381127647829,35.79124823410443,2107.0296561137106,1,Ice Cream
43.107012839121275,45.45162603328205,6027.781568053828,0,Ice Cream
28.915822695785927,8.984155443512098,4088.506178553924,1,Sunscreen
26.38722601750331,11.877166246193882,7562.561387945032,1,Swimwear
27.01556002754853,48.56975470208198,6870.624837327457,0,Sunscreen
25.364436513030995,9.048847635474488,8610.439266909161,0,Sunscreen
26.88885921511857,42.71925466847895,7232.435440023028,0,Sunscreen
38.66013546832714,24.613892822401738,4869.379696511333,0,Ice Cream
26.42377296920458,12.361553720158852,7056.699601549892,0,Sunscreen
31.379512605875227,43.53749506362557,3478.430568298767,1,Sunscreen
41.897506219389086,22.265262750133274,3756.821489003914,1,Ice Cream
25.465438714716516,25.74086769648451,8100.86643928714,1,Swimwear
41.28936965177871,17.961668469988286,5017.7756476142395,0,Sunscreen
30.637095495468,29.64754257174637,8185.423064665172,0,Sunscreen
27.363296552433127,8.176193629251138,8401.801363014507,0,Sunscreen
38.934743307283014,19.554076832588034,8718.061038951553,1,Swimwear
37.57885693559768,48.470616116764376,9249.717122570866,1,Ice Cream
42.549440270541055,12.906671635056377,4878.866984619666,0,Cold Drinks
39.70142087607772,32.83683322706461,3869.8013648902497,1,Ice Cream
41.06961860769697,16.259503211234744,6239.788719347025,0,Sunscreen
30.64069145142613,38.67365628433003,4340.5518109386485,1,Sunscreen
28.548790875594456,6.543683035917491,6409.667501202097,1,Sunscreen
40.012295032817164,48.491052253927236,7350.272763794422,1,Ice Cream
41.136694785345284,22.68947706918196,7195.645166429232,0,Ice Cream
44.81010284001347,11.802523167323198,4370.975983181092,1,Cold Drinks
33.25235353822853,3.6748373665006326,2501.7418152887753,1,Cold Drinks
32.440361715855666,8.487895254377037,4874.764046159868,0,Cold Drinks
40.528259214839935,25.988697427800883,2283.3472967371786,1,Ice Cream
31.816070805060356,16.850158821564314,9010.873316654275,0,Sunscreen
43.61514651207129,41.44416829413047,4112.8971466407165,0,Ice Cream
42.16825503686024,21.544376183090296,2390.137725009914,0,Ice Cream
33.579880547500366,12.435713629381496,1229.0298391517579,0,Cold Drinks
40.017421355829946,30.8572493302015,6812.401476578359,0,Ice Cream
40.09085748169365,35.33886084427229,6732.120857092689,1,Ice Cream
27.062477376718654,8.352095395047494,4065.437499231625,0,Sunscreen
43.05105813359133,8.380960814415882,1645.406999628859,0,Cold Drinks
35.105047448957144,1.8335713466771486,4686.660054057088,0,Cold Drinks
41.52914932215484,36.82010075328203,3800.957455570542,0,Ice Cream
31.400992020612236,33.190226381090255,7094.085757615084,1,Sunscreen
42.91046456992401,23.731543787490693,6452.013245074213,0,Ice Cream
32.784033574683264,42.20852244845986,4281.3435537778605,1,Sunscreen
25.216753029605968,40.28350764750266,2961.032988294911,0,Sunscreen
43.10763952838528,29.267718219837608,9892.323695400326,1,Ice Cream
26.82573353572267,43.41356402566293,5086.014590765034,0,Sunscreen
31.3862727518083,10.292060501838412,7194.468122022134,0,Cold Drinks
44.0012393410161,5.595980969886394,2264.9767082052467,1,Cold Drinks
44.012142938751126,13.487480575849482,5370.30729693458,0,Cold Drinks
36.46875776246572,2.854342804465743,1247.8304788251894,1,Cold Drinks
37.63674424339598,26.5584764000516,5549.096061194049,0,Ice Cream
33.96891043956639,46.830284614748074,9676.156664059321,1,Swimwear
30.86421543396129,1.9671770334254823,4457.860416872202,0,Cold Drinks
31.57329090739832,6.10549570050134,1350.9641131742042,0,Cold Drinks
38.45036912154077,22.609951414171764,1278.6021182740917,1,Ice Cream
40.047490588753604,46.69375087639524,4491.880839521826,0,Ice Cream
40.83158087451697,15.807805248837525,2440.2244281687463,0,Sunscreen
40.79236285589108,25.361740434419623,1210.1688669536732,0,Ice Cream
26.824122060973806,2.078642952519605,7805.922525551591,0,Sunscreen
34.88840609405163,7.417160048104443,5126.707079937016,0,Cold Drinks
26.151175200332887,49.33150614794234,3603.202947753891,0,Sunscreen
35.99057764647471,48.25593482180228,9100.748647148326,1,Ice Cream
33.83061002746754,0.24699904672048079,2045.2506418047305,1,Cold Drinks
42.754083655166,47.590589271161946,9603.269460597872,1,Ice Cream
32.01830025104157,31.95599689077502,3825.7004563961755,0,Sunscreen
27.341340328552118,43.39591472600111,8995.633050778131,1,Swimwear
27.859833641056717,22.736992781692955,6426.485888315154,0,Sunscreen
40.23021263434944,25.77980142896251,8440.366237673388,0,Ice Cream
37.36436126632522,24.44232901284601,9856.11846889418,0,Ice Cream
27.022453522455805,33.34321287730522,3595.6489403687115,0,Sunscreen
26.682136122299948,6.982562737815645,9650.219368668337,1,Swimwear
39.0193826291824,1.4986794936338976,4505.337054121783,0,Cold Drinks
26.45526012728387,15.396497079559545,4469.6071426323015,1,Sunscreen
41.437201185807126,35.23403813683233,4063.483938290551,0,Ice Cream
39.124844543129925,10.092672606147419,5872.668466128267,1,Cold Drinks
26.626975612837995,33.67162166624587,2387.3053886063835,1,Sunscreen
26.69675428170384,48.49560230536352,5983.403368222101,1,Sunscreen
44.73279157002351,4.69503578947092,5875.343311690036,1,Cold Drinks
32.4854159151224,33.630105911256315,7857.11631344383,1,Swimwear
32.412842941337814,22.187510965228558,8502.84965743827,1,Swimwear
41.25599134515005,43.40711271887527,4963.972152811816,0,Ice Cream
43.94497154767717,8.857489472369295,3720.9992441634436,1,Cold Drinks
44.720021276457416,34.63129761130823,3334.01407585385,0,Ice Cream
40.067563705178834,41.90576448240551,2751.6145303438475,1,Ice Cream
32.525191710618316,47.230710973701164,1518.828239791224,0,Sunscreen
26.670014333973377,34.16240141448229,4082.03180951242,1,Sunscreen
40.542938318548735,24.858738200421364,3432.229229177049,1,Ice Cream
36.1680849947161,30.892362010060694,9697.756472797666,0,Ice Cream
33.48444018493953,43.44524922393591,6019.379436250395,1,Sunscreen
43.12708770189472,28.530487331941483,4125.493351274568,1,Ice Cream
27.223949646123028,1.519352984841843,6224.208408943264,1,Sunscreen
34.85250208581718,46.54743477534889,2252.7703121112595,0,Sunscreen
25.227072895348382,34.476337551578055,4996.393742819826,1,Sunscreen
34.37321283988253,33.82566928886233,6636.108892789574,0,Sunscreen
26.126065513636746,10.783757619885858,5400.080486132062,1,Sunscreen
27.376358325361437,32.94427351163286,4616.009205888919,1,Sunscreen
27.350524935542097,19.693220282707923,9944.635500097284,0,Sunscreen
37.984206042321276,32.561648852074605,8922.832859340342,1,Ice Cream
39.92089758530847,5.3296515153995365,6610.6536234349605,1,Cold Drinks
36.667375301943196,32.8922652301518,6124.396250640545,0,Ice Cream
44.24345096949084,49.97068628853333,6585.944318421257,1,Ice Cream
32.49741159047408,2.4106019430278014,2811.8089704018994,0,Cold Drinks
30.714241725637216,48.858709211065865,4556.239689378867,0,Sunscreen
42.3719825637892,20.345398036143532,1355.135796018094,0,Ice Cream
29.47191677038905,43.537672516862955,5279.91433738144,1,Sunscreen
44.264450788812226,39.11927420291367,5887.221255618969,0,Ice Cream
25.243089493796326,28.35081304933339,3049.747624928886,0,Sunscreen
44.397576534152776,36.92246046256633,9676.259624489623,1,Ice Cream
25.863198239011524,43.9257780650674,9185.091498435178,0,Sunscreen
42.82286227396142,20.20701608255165,7499.289119103153,1,Ice Cream
35.554022181726,16.351658078161936,5800.479658888264,1,Sunscreen
44.85929592238601,33.379669278179236,8829.722436829165,1,Ice Cream
26.475931294707976,40.39229709706293,2175.8710944111663,1,Sunscreen
36.077085688026415,38.11425673883079,8114.588148473965,0,Ice Cream
44.38605071238198,39.89068244293173,2123.387325701635,0,Ice Cream
35.461956883402976,21.77916574064665,8147.895962944649,0,Ice Cream
37.58797276270525,40.89171080875108,3481.9081142622126,0,Ice Cream
38.914973779692346,6.010452768530422,8893.815229163702,0,Cold Drinks
34.09082129535547,27.224454898042477,9496.37884442858,1,Swimwear
37.55116160168127,0.2879330249060785,2339.1637246460405,0,Cold Drinks
36.686286238462,16.229291495013516,5164.080445588542,0,Sunscreen
43.02316020981978,18.323076743569892,9828.886403464167,0,Sunscreen
25.908927606829156,19.80863458046277,5350.666923758319,1,Sunscreen
30.619263791844606,34.773360334493105,8771.927702630906,1,Swimwear
44.008229681531176,19.427905063517287,6298.583699181879,0,Sunscreen
42.80527567781833,22.43468113112653,4377.969171276416,1,Ice Cream
34.11313505571426,11.877206543716373,3572.051999732832,0,Cold Drinks
37.40265195603074,18.662589581467003,2829.0078197747853,0,Sunscreen
30.54762365962265,11.363481363157574,7856.183722399275,1,Swimwear
28.762423194475225,3.659796188422182,4478.86456140725,1,Sunscreen
34.27396809879964,30.172429669068894,5601.47915980676,0,Sunscreen
32.067044560521055,33.410639927750815,5430.929320010638,0,Sunscreen
36.67312223701744,30.974517300480723,6195.511263098181,1,Ice Cream
26.554692739299696,23.17470219002862,8790.19431062097,0,Sunscreen
44.487896153323334,18.989289008961492,9826.654092250865,1,Swimwear
44.72421488959206,43.16668247859126,4668.257877164353,0,Ice Cream
38.9632342803949,25.954089256810903,8447.670298956727,1,Ice Cream
35.72192732688241,23.95909388148655,7880.750151892459,0,Ice Cream
31.190552325726557,1.2821032903217844,6161.76056310016,0,Cold Drinks
41.27590039413897,17.06239138130782,9604.424292507398,1,Swimwear
38.69462345107759,19.009780939292853,2804.270639755625,0,Sunscreen
28.252338786897827,19.941139044845023,1983.3778927865928,0,Sunscreen
43.21854368987685,29.008618461366613,8685.657702598799,1,Ice Cream
41.45074485846338,26.680127336343922,4952.348349703734,0,Ice Cream
43.99599826583848,30.39525463967223,8622.719687863544,0,Ice Cream
39.5143901677672,38.244163077106414,9037.811846758734,0,Ice Cream
37.2683039187158,40.649286935804675,1562.118342571643,1,Ice Cream
33.36486072581238,35.90615381132472,8951.182866874547,1,Swimwear
43.65456966708027,47.77618479774674,5034.871498324799,1,Ice Cream
42.32127779000817,0.9116291338180815,5593.89240103809,0,Cold Drinks
25.904373402123788,9.788899284177305,6639.332599838892,0,Sunscreen
25.52733948994504,0.378143748907106,9337.443460570781,0,Sunscreen
32.529267337560995,32.37373570773015,1172.0448498678763,0,Sunscreen
41.21106661563665,44.90152744749935,5291.591214860354,1,Ice Cream
44.74552258629889,12.174114828814965,7189.498381875046,0,Cold Drinks
28.008337822070565,46.35172723981533,7504.362619284057,0,Sunscreen
36.8826143070427,3.0133695144780424,7232.791883833972,0,Cold Drinks
32.61781713262043,46.72180134027572,2209.916164673097,1,Sunscreen
44.398287956292066,17.58113436198172,3694.560295345131,0,Sunscreen
41.84237846271417,5.071041422460826,4228.439728753121,0,Cold Drinks
41.76657409422276,24.29358795931628,8239.934869115545,0,Ice Cream
34.3738631958994,12.838828386025398,3508.8388517309772,0,Cold Drinks
33.2963900467533,14.243645098096142,2896.344674804828,0,Cold Drinks
30.468141438614126,15.364498246314328,9617.032171342866,1,Swimwear
26.127509933018544,40.15129489163317,1079.76956602122,0,Sunscreen
42.29444752510106,26.958063833762726,9980.387701137804,0,Ice Cream
41.258020182601555,15.565384957800182,7091.391689716561,0,Sunscreen
44.99435346572261,30.51668916554592,8456.223695042054,0,Ice Cream
44.93273674147811,35.80753371115968,3651.5745671157383,0,Ice Cream
36.10863411205255,13.631200036676688,1128.8374990035397,0,Cold Drinks
40.379748303610214,20.677455076267577,7640.82566705377,0,Ice Cream
43.895314597648564,6.0943046668473775,8507.301373006081,0,Cold Drinks
41.99294781354823,9.057467476734015,7664.285187581672,0,Cold Drinks
29.94696203486395,34.05589269824914,2285.6525857075476,0,Sunscreen
34.01088270620187,9.071917384781347,7780.851300312722,1,Swimwear
27.5831883030299,26.258169183353008,7920.305038968769,1,Swimwear
44.08102054517445,35.452313086121634,6926.864641030494,1,Ice Cream
37.1234926890176,5.343846154737192,7895.043395160276,1,Swimwear
29.572856110069253,28.365610981445176,8613.29295709959,0,Sunscreen
38.43401368811713,12.828139185068189,6522.437028137126,1,Cold Drinks
37.36256480915792,48.14634376187899,1797.4424257271116,1,Ice Cream
32.16325436065681,24.177282335996235,5388.650287004898,0,Sunscreen
27.27115184399258,40.299627488757906,1698.8440120444457,1,Sunscreen
38.43146391185599,27.511327107813088,4667.887279291877,1,Ice Cream
35.40615401807587,2.170626642740958,4663.958402130649,0,Cold Drinks
40.44636783471279,31.657568779701116,1594.088597262174,0,Ice Cream
35.403270022239866,47.570167110332854,4139.384805725314,0,Ice Cream
42.043630006370805,30.08059100731656,1998.9828891218335,1,Ice Cream
36.03813677548971,40.95944297133951,8274.116890083,1,Ice Cream
36.21875943070773,44.21032316742039,9529.192233680236,0,Ice Cream
42.533072053166904,11.403988597446624,1650.8482773214473,0,Cold Drinks
33.06965732424794,10.602241995411333,9596.036865625312,1,Swimwear
27.680304569012815,30.549049442549585,5703.189394030706,0,Sunscreen
25.57565352626678,20.551423490335235,3696.091101584865,1,Sunscreen
40.10274511347238,41.99306514333602,1691.7586774854717,0,Ice Cream
37.4061910270693,45.00115616990056,5505.61841263376,0,Ice Cream
39.08159536198447,17.671068965135905,8150.639900416738,1,Swimwear
29.259283230178212,11.843527948724104,7363.778295400283,0,Sunscreen
27.727429511735394,39.026275762193094,1452.034103175764,0,Sunscreen
25.29089331335764,13.740301777406804,1656.1165183111316,0,Sunscreen
32.01175117613194,41.13071592568392,4625.859543693734,1,Sunscreen
36.79835373709266,21.18691268243814,3657.6144464314893,0,Ice Cream
32.84488090199464,33.37749496457352,3091.4589075044305,0,Sunscreen
33.74949844047458,4.776765691733409,3529.0404901784223,0,Cold Drinks
43.08317388987497,31.19296623382865,8231.344689671962,0,Ice Cream
31.965109340466007,22.588383936861455,9363.052482686686,0,Sunscreen
35.279789783196215,29.330423158773705,4645.924250748098,0,Ice Cream
40.67306025482286,8.400710387243171,9154.999019192473,1,Swimwear
32.9308556464254,36.843687247209104,3893.4613112309376,1,Sunscreen
37.44173400455747,43.13985387716143,5287.932877094125,0,Ice Cream
42.2472741749349,10.836990004538782,3034.2609803439973,1,Cold Drinks
43.990412473152844,4.785727776008086,6764.284379582596,1,Cold Drinks
27.941469618580758,1.1819293023168198,9810.83003657328,0,Sunscreen
43.53175250322989,32.0985750221633,6431.437864390407,1,Ice Cream
34.842325861590766,30.35470180443904,4220.32675702194,1,Sunscreen
30.164887765979167,27.334870635703503,6830.357013914755,1,Sunscreen
34.182715124765224,11.597354805798771,2106.286106188488,1,Cold Drinks
44.60065150570954,19.545299795275735,8997.931722388588,1,Swimwear
34.85236187985739,29.72381675930865,5527.755557018528,1,Sunscreen
31.575032205750162,24.83834294295847,5044.147678356779,1,Sunscreen
37.668017086334515,49.38927601074437,6272.783096081673,1,Ice Cream
29.802912375563864,6.8219876278366565,6623.054765104622,0,Sunscreen
26.51726656217328,34.75722770237969,1645.9822560386174,0,Sunscreen
27.577594438212984,20.215938405214608,7143.554991010622,1,Sunscreen
27.56091677915545,21.409980746280738,3177.385122839766,1,Sunscreen
28.038053870245886,35.87988828290881,7425.573692559308,0,Sunscreen
27.776543452988204,34.62180756621848,8402.813149457772,1,Swimwear
37.81749489606429,49.56279968510942,8235.626567972682,1,Ice Cream
28.637601687982897,6.419714472706262,5972.508706671002,0,Sunscreen
31.913345666477262,5.205482469208317,5681.529030796761,0,Cold Drinks
42.935768198120236,36.216940856437056,2285.8836520547056,0,Ice Cream
34.479232805257446,28.919345850320454,7978.11535362822,1,Swimwear
38.35115477042054,13.708033327990293,3442.684424020429,1,Cold Drinks
28.446397424032597,3.9709684494493303,5470.258805361519,0,Sunscreen
28.845780376173416,4.282912479821527,3558.4668363476503,0,Sunscreen
25.81737232532958,44.70954373320591,2204.455266997238,1,Sunscreen
28.37870126144329,9.593366235937145,6666.019272025629,0,Sunscreen
30.57180678063917,16.16857810577604,1488.9883134061345,1,Sunscreen
28.540209685534936,11.3328201113494,7737.8071071358,1,Swimwear
26.774050675141112,17.749815291596864,3858.28115735005,0,Sunscreen
27.412717422012015,3.4711921373046684,1001.2122370403679,0,Sunscreen
34.21557536065451,25.95298954541352,5600.162253135069,1,Sunscreen
29.12667436811585,3.380628179610745,1421.6671767484281,0,Sunscreen
32.28539722096151,40.01782539111808,3485.5260203880953,0,Sunscreen
35.068345417097134,11.68560409552165,7362.788387101446,0,Cold Drinks
38.80789657258731,27.00059573022553,1564.206594596793,0,Ice Cream
25.78624279682198,44.00395437807291,8554.04643120402,1,Swimwear
40.98820797818085,32.54386845235971,1034.379303927248,1,Ice Cream
37.558007789818156,26.647889327566766,3221.4148228171202,1,Ice Cream
26.635180638977438,16.21668765576878,7668.136505368643,1,Swimwear
42.47157248213554,16.650095652909897,3846.431347563761,0,Sunscreen
43.417448010636264,33.474347759909506,1917.0314925941218,0,Ice Cream
26.221559197097275,49.706968061058376,4242.105269203851,1,Sunscreen
30.537552962944076,33.09195949246893,3433.53957746073,1,Sunscreen
41.12402559586123,27.889170868501246,8584.407119444993,0,Ice Cream
39.96519380767317,36.532525511962305,3820.131258266288,1,Ice Cream
28.690420387127546,23.26028061418591,8100.392245984065,1,Swimwear
29.186986466734204,3.0071171300392607,9026.849303296613,0,Sunscreen
32.40944205582764,28.11484079389549,4904.356776188766,1,Sunscreen
34.69045970382042,47.88126422526901,9189.488294689527,0,Sunscreen
37.36509543060592,8.765147117882982,4395.862485668736,0,Cold Drinks
32.378272791395446,34.50024454103329,9676.705748410974,1,Swimwear
34.25069432266296,10.046684432952823,1803.6057207301565,0,Cold Drinks
39.94941876267513,26.791384223654063,7183.173398529185,1,Ice Cream
25.733664057811957,4.8338224823359806,5444.326364112358,0,Sunscreen
30.048738886880415,22.518546812909257,4488.8392491008235,1,Sunscreen
39.26699171769105,37.80816644476231,6694.406908737408,1,Ice Cream
42.904136753743984,17.378576211949103,7334.713824708981,1,Sunscreen
35.233548842313326,33.2455862243609,1039.2694268527819,0,Ice Cream
35.64226970530631,39.77249803948646,2502.5777987247884,0,Ice Cream
27.14344022679552,46.358890973972635,7417.414455708868,1,Sunscreen
33.948247336469095,11.732104092772676,6997.468722203858,0,Cold Drinks
35.65234532910046,19.965795790465407,9694.427546158095,1,Swimwear
29.849410072694592,7.620800666520871,7849.340112257047,1,Swimwear
30.38486461898762,49.62417510791876,9556.954369582043,0,Sunscreen
32.54568326209245,46.35004839621477,7322.864513813262,1,Sunscreen
25.401423955554527,26.99785651402798,3682.4698777549884,0,Sunscreen
31.441583311663564,42.10166471882106,1948.2843002577083,1,Sunscreen
29.22896013993089,26.04789886360211,8036.41477010442,0,Sunscreen
31.54994704355829,31.179284400137984,6797.342993283243,1,Sunscreen
27.395242636385024,4.456221605800831,1433.674111539666,1,Sunscreen
42.8105456147979,37.763521024840394,4240.454193108805,0,Ice Cream
36.87184907108097,6.3856741817617415,9611.198339358576,1,Swimwear
38.58204638288979,41.303381512626416,5503.610311391811,1,Ice Cream
40.783424772146766,39.101404383519295,4894.562224177342,0,Ice Cream
34.96884397858115,35.43723488714882,5119.2964464336455,1,Sunscreen
26.738405761748474,1.8080190262381057,2879.944516046474,0,Sunscreen
35.742130836370954,15.15641779726643,4318.364537783156,1,Sunscreen
36.736822360417584,13.155628495542143,4328.319303884589,0,Cold Drinks
39.908789483686604,18.006820373575955,1471.1951816872515,1,Sunscreen
33.63319092459359,4.382137338191927,7908.108656661265,1,Swimwear
27.551606055911275,46.84789115155314,4748.539887134911,1,Sunscreen
30.67551811597449,27.690112035618814,8399.618981347809,0,Sunscreen
32.2616459279727,15.276215532901178,8653.132010079058,0,Sunscreen
37.91834482663202,19.849075853714172,2907.9464922879224,0,Sunscreen
36.41556609337824,22.360127025241784,6916.181339531157,0,Ice Cream
32.12193451795692,30.029716668030865,5250.536237466836,1,Sunscreen
44.730304975859596,25.783971384824888,8921.410641293365,1,Ice Cream
37.11549638713774,45.96959866072087,2941.6661125880873,0,Ice Cream
29.74453583471989,24.848174145291512,7100.318802790398,0,Sunscreen
27.035649452408073,49.607900741165636,6469.769100274503,0,Sunscreen
28.057182783686642,42.571247887254785,3657.713298146495,1,Sunscreen
29.919154567690164,10.42552571786679,2229.4081328605535,0,Sunscreen
28.213627465191113,46.52976073219581,6864.757844295489,0,Sunscreen
28.731340481026116,5.818319894273804,7647.377123190976,1,Swimwear
30.70190337387694,40.87248542455958,3840.64609387015,1,Sunscreen
28.467471905895096,19.031164673829004,6803.493436200824,0,Sunscreen
42.935308492528506,43.898716022253474,4556.178168503529,1,Ice Cream
26.604674913232845,43.40283450537252,7418.86194954356,0,Sunscreen
35.49022779140509,40.296270005881055,2792.937474046478,1,Ice Cream
33.20793653979323,39.50152181535307,9011.93502372557,0,Sunscreen
44.647572338172125,15.23395695490204,3586.6863681902178,0,Sunscreen
27.240778043361047,4.045964152562609,4310.073889805376,0,Sunscreen
32.95711198091483,20.149008938258074,1522.827568723148,0,Sunscreen
44.389408665507375,8.676225749325434,2003.6099108914875,1,Cold Drinks
42.310142517879605,34.747554445123086,5642.757124410953,1,Ice Cream
41.341441418985596,17.304986326889278,3408.3340905517434,1,Sunscreen
30.158056540898798,48.78051004299574,8519.322031679749,1,Swimwear
28.417751747801315,32.0486038672666,1132.2404978945847,0,Sunscreen
38.372864398488616,41.124028181718046,4411.846438047425,0,Ice Cream
43.587519782551716,6.6262336370924215,4036.109920921834,1,Cold Drinks
36.1352578602786,43.10072411363113,1173.9486782584092,1,Ice Cream
36.432253789398,46.13785952566972,2119.315591004592,1,Ice Cream
30.599581873205683,24.353095940946794,4722.784074267717,1,Sunscreen
40.38985866383874,30.312646887548873,5435.78126002702,1,Ice Cream
28.74087497115047,38.24049004514977,4638.607725293822,0,Sunscreen
31.473584728084873,8.741931363020628,5778.439105708844,0,Cold Drinks
33.50872877232834,25.12830382317212,6356.185074151133,0,Sunscreen
35.1522075736891,19.933151388615656,1089.3143901505207,1,Sunscreen
29.848194648301604,7.318699608112455,5176.856435081535,1,Sunscreen
27.29673649478407,18.376721114576572,9671.493167988296,1,Swimwear
37.21240084883265,3.4086154692746784,5671.290521165938,1,Cold Drinks
30.772611064805115,1.2905953474743492,7097.8804071305785,0,Cold Drinks
36.624764428452245,6.758314457741138,3806.774721251949,0,Cold Drinks
28.087254305484045,48.15575557945869,7965.922403374862,1,Swimwear
34.62280203709635,27.476476794750848,7956.293336885035,0,Sunscreen
35.651788651031715,48.291108057661,5691.66442888725,0,Ice Cream
26.03647073644854,21.6248939165066,9784.124409512922,1,Swimwear
31.732085563878414,15.590806654262979,2129.9519328638803,1,Sunscreen
27.688293538779483,25.307093142012206,1152.528984006229,1,Sunscreen
26.267499409455354,21.975584431645505,7931.423905813864,1,Swimwear
44.7992046477989,5.283234213087196,8264.399836283943,1,Swimwear
31.44707689949446,32.04131573451031,2081.865062085186,1,Sunscreen
41.1974889170927,10.80190912547998,3390.2454966274545,0,Cold Drinks
30.092813095275275,30.97939774489148,1157.97127029966,0,Sunscreen
38.63005444447859,32.51005461990767,3639.777497025082,1,Ice Cream
40.20455719779373,7.601242656432405,7958.276865268043,0,Cold Drinks
36.91277481215688,3.067481355533408,5661.644749413211,1,Cold Drinks
34.43152377100317,39.03807930342199,4132.8603385145925,1,Sunscreen
33.23681828294537,22.99002118846601,4345.653654156973,1,Sunscreen
31.977365330859904,2.9081897752737893,1012.1826314392134,1,Cold Drinks
43.59058288495652,49.74331585848836,3698.204748087123,0,Ice Cream
41.61238815575459,2.889028049818332,6818.128674741374,1,Cold Drinks
44.300538213330256,34.75176144292766,9767.749994347214,0,Ice Cream
27.485944469710894,49.18394626317068,8623.547442855095,1,Swimwear
39.617349504072884,11.959005210796281,1212.354681809762,1,Cold Drinks
43.76680913642076,7.112468434359808,9087.045442073555,1,Swimwear
28.6246613233132,6.069246971121444,8048.785719687634,0,Sunscreen
26.32992534733555,15.163757378379778,8023.385112138823,1,Swimwear
39.82241298580118,5.052290550532335,5121.961831032143,1,Cold Drinks
36.48946226359824,34.6080670847066,4582.047636590525,1,Ice Cream
41.83657553516544,3.1145899065031344,3726.2415594987337,0,Cold Drinks
27.79544753252579,25.471106407489486,1591.253730589292,0,Sunscreen
40.905346237197804,49.83484269264884,3054.118271443292,0,Ice Cream
29.032546400954892,40.69851347530094,3219.4327148022217,1,Sunscreen
28.27311885731409,30.760971911550545,5356.6936273918145,0,Sunscreen
28.285315958619858,15.312681039330583,7726.999659370245,1,Swimwear
41.29149440462764,31.194791814581922,5264.28845558152,0,Ice Cream
38.303944413924,26.35207319558258,1520.6000450244455,0,Ice Cream
35.46130849538238,21.304169194518575,9620.108208893835,1,Ice Cream
32.17660968247005,6.535518837009974,9484.51887184701,0,Cold Drinks
42.544010816262166,44.330210762023334,8066.705888335676,1,Ice Cream
32.84890214845271,22.489232441066125,9921.951114077985,1,Swimwear
41.33198878943154,9.731125591038253,5900.340995202367,0,Cold Drinks
33.78269817140437,18.38796754386448,9664.915152278854,1,Swimwear
32.53888858849815,20.70648762644635,1680.4453655507568,1,Sunscreen
34.25359571339213,41.37689477834371,4291.126734352341,0,Sunscreen
31.02755748328284,36.6807190280701,3028.4314120608924,0,Sunscreen
39.95218760352502,38.46524468206699,2762.4977572084304,1,Ice Cream
35.054407801849585,0.5515632214323607,2267.226540034085,0,Cold Drinks
29.644253902936345,20.807699908988077,6601.72277409397,1,Sunscreen
42.991491465491364,24.06720758176618,8031.8967017257455,1,Ice Cream
32.67782442746423,0.9596138411528343,6204.6855947832455,0,Cold Drinks
35.871057222279774,12.99066043725171,2322.664386293887,0,Cold Drinks
43.12944221929094,38.01449115610675,8300.11392940124,0,Ice Cream
37.48475991827984,6.8554852864499525,6723.592364473557,0,Cold Drinks
27.337960814167282,26.765506572629583,4493.49135514296,1,Sunscreen
43.796642472269504,10.760093600861875,7067.172659824567,1,Cold Drinks
37.55416106142836,0.6060387321946636,3339.1448131854954,0,Cold Drinks
31.698112293141723,12.060072879977074,4106.729876447895,0,Cold Drinks
27.785441453267744,48.79368774550269,9257.372588187913,1,Swimwear
40.88050378540592,40.07685559414948,3614.5405510427836,1,Ice Cream
37.40145511857027,47.97883221605167,5229.894413421429,1,Ice Cream
35.66922183952643,24.392702196318123,9011.27023656413,1,Ice Cream
42.87785166101915,5.4868099338751755,7369.492152407747,0,Cold Drinks
40.77194422449061,27.397974448684646,1559.8290354823248,1,Ice Cream
28.033497594655024,22.718866727998044,2325.727398510733,1,Sunscreen
31.234441355910967,42.2178541369808,1070.5743169472514,0,Sunscreen
29.969782796289316,4.904129039212229,6678.2961120624705,1,Sunscreen
39.87892585145354,24.41205685108891,5029.060828693765,1,Ice Cream
25.670648694715588,7.502433234699213,2208.4736581204797,0,Sunscreen
36.39779369742633,16.233796344503,9621.407089510934,0,Sunscreen
40.24917371481381,36.86785386938998,5766.937515510579,0,Ice Cream
42.53531273523499,23.800906468438328,3177.0396470160026,1,Ice Cream
31.841634974318147,18.794414257288466,5505.432140392368,1,Sunscreen
41.42514609344026,19.723813928501766,7116.58299461597,0,Sunscreen
27.212634739104146,22.97233842029933,1686.1529617620804,0,Sunscreen
41.92904583469036,39.25082719185284,3472.3343354310277,1,Ice Cream
27.54977324663965,44.60423444701172,8262.689417955942,0,Sunscreen
32.945745811207345,47.76673432519642,5136.983833623951,0,Sunscreen
40.94590731559107,39.34516931276475,5919.194278290654,0,Ice Cream
27.998348546975475,15.770344787400637,4895.344019885223,1,Sunscreen
29.58502790465283,34.40673530432711,1395.0994837870462,1,Sunscreen
39.445051367861325,21.880156202769598,2491.748018381403,1,Ice Cream
39.40073073092149,12.733531102302559,5009.874748677018,1,Cold Drinks
37.82295265770595,42.04357897129613,2882.6691886713506,1,Ice Cream
38.878968889342005,1.9213174481162498,1449.8112579371086,1,Cold Drinks
35.854488866951925,45.08809960677117,8592.846976466413,0,Ice Cream
30.035981178139053,23.073873231236707,9830.732762477042,1,Swimwear
31.913919870078388,31.86007384041402,8138.285865970655,1,Swimwear
28.631954336028514,32.96769611028913,8684.064295342003,0,Sunscreen
43.169011226672566,44.75588703532682,3177.7941728534083,1,Ice Cream
36.66783589532241,31.833484108360366,9645.642779618798,1,Ice Cream
33.0170283352728,30.69667923800309,2772.3313400808556,0,Sunscreen
34.24011607288266,3.332602028034498,9562.86829325649,0,Cold Drinks
43.94566679223631,25.920401097260203,9953.373645693559,0,Ice Cream
28.067028062321604,7.5084500408520825,7405.505251714439,1,Sunscreen
36.724596640335946,36.87168843607428,9830.293586126398,0,Ice Cream
35.11777357768932,25.611096040633726,6125.858016103933,1,Ice Cream
37.22908470869296,34.01138896041766,3335.876048584813,1,Ice Cream
25.36220367641681,2.0836450301192135,4932.962970990588,1,Sunscreen
42.44247817888303,4.239600802290161,6342.048418409074,1,Cold Drinks
43.64236564967224,35.81616940313411,1657.7340582431348,0,Ice Cream
36.30266367178418,3.6042167999336683,6601.0893815552145,0,Cold Drinks
38.93301647753785,3.56283638826293,9830.60053086065,1,Swimwear
43.449987623545915,0.6054237617443725,2710.9688480535488,0,Cold Drinks
39.14477268626797,47.82506991497401,8133.35604659545,1,Ice Cream
28.050780858285226,36.875417972950345,9171.089144016574,1,Swimwear
36.525767203336265,17.66257042510321,9493.314335381987,1,Swimwear
37.13430092765712,14.82677906438276,9641.220439649025,0,Cold Drinks
33.48261342604772,17.485161487292476,5693.136748493247,1,Sunscreen
39.728884712494455,38.732676559059094,9795.771171923534,1,Ice Cream
43.687340295380295,33.068530553520716,7815.791864209949,0,Ice Cream
43.51137025813553,9.259778393373397,2455.042926132657,0,Cold Drinks
34.016787428082644,8.705466766704218,5292.100958211729,0,Cold Drinks
27.264760916815106,4.919782485669866,7464.980578348036,0,Sunscreen
44.69682397924669,33.015135985066905,3226.06284237175,1,Ice Cream
41.77796172891868,38.218633111086795,6765.536651939986,0,Ice Cream
27.493253624065336,13.2523214162502,6999.404311419573,1,Sunscreen
43.416837652347446,1.0472480515456406,2464.297694277093,0,Cold Drinks
42.39792724124257,4.108583373821367,6085.767812074807,0,Cold Drinks
35.376761142521445,48.39300174225152,7944.642198807469,0,Ice Cream
36.82550871489859,14.772238873871013,5490.060980823478,0,Cold Drinks
32.980054077402606,38.46115739190668,1108.9280509849668,0,Sunscreen
26.095232776440625,31.23317844271319,1081.3462217136296,0,Sunscreen
31.70394483291802,19.096981982644795,4213.26409573011,1,Sunscreen
41.05706897196023,10.284363109777756,9335.746615886037,0,Cold Drinks
25.092640460092056,6.069320907970321,3058.091016432479,0,Sunscreen
31.669983433822885,30.75064840194333,6709.2731998451845,0,Sunscreen
32.96337387181887,38.7316890318894,2998.682836239885,0,Sunscreen
35.74791205875846,32.19521267705653,3895.0299069359376,1,Ice Cream
43.39711232825521,26.515106662457917,8632.378806413355,0,Ice Cream
31.926919887319226,2.0975611715818134,7559.752980429522,0,Cold Drinks
31.939064037924553,48.42443887971919,1858.5934958188957,0,Sunscreen
39.75002496219497,39.93570958272873,4858.318188877903,0,Ice Cream
34.044358817796144,14.641101835048238,1262.5278728073802,1,Cold Drinks
29.49209645879964,48.99851646794253,5328.011319427081,0,Sunscreen
34.04879032265387,30.094079481816106,6961.906105309613,1,Sunscreen
27.817140407595996,29.121132910362324,2066.523612383364,0,Sunscreen
28.527739730124466,37.4036589714766,3599.964450182491,1,Sunscreen
34.9673554547896,40.58848940450688,4580.529629519413,1,Sunscreen
33.37850899009096,32.823930366575134,9275.779221904448,0,Sunscreen
43.296918021362,6.404787318310001,9939.295138806676,0,Cold Drinks
32.24787798233266,16.91337529972492,1404.2016909605427,1,Sunscreen
36.61176700556087,46.404182016302485,7849.071311458529,1,Ice Cream
37.64528575839061,11.230780592192597,4345.516597621089,0,Cold Drinks
25.261889131766672,18.608351191875666,4532.12367606532,1,Sunscreen
38.27074744033421,21.6038441472098,7788.384760123205,1,Ice Cream
28.560719337395028,21.970249484722608,9265.837889308677,1,Swimwear
44.2214063493891,30.646979124726276,9558.357350522936,0,Ice Cream
27.973254555062258,47.15379188723538,6194.103274344887,1,Sunscreen
33.29248247454048,12.034635591625248,4214.090433704525,1,Cold Drinks
26.706993361572877,6.075068815045903,8087.941772729013,1,Swimwear
44.93748503691894,9.873524492996866,3259.0124493607022,0,Cold Drinks
35.043900206624855,44.34624501046348,6076.66625950166,0,Ice Cream
36.90770034640087,32.2905406327603,4227.206153723859,1,Ice Cream
26.34152954776855,14.295339461958006,6909.679663370885,0,Sunscreen
39.99920940798356,40.797346948430864,3163.590216041562,1,Ice Cream
29.198111861911716,43.0684998181718,2724.336511613432,0,Sunscreen
42.96108578881427,42.3257169345139,9264.151780078933,0,Ice Cream
29.102792809640142,45.94632668197772,1916.2331465458321,1,Sunscreen
28.81375441327333,12.612051008668079,5553.621169614385,0,Sunscreen
25.730993356961896,37.75209643731392,2987.67504666708,0,Sunscreen
34.44133890219999,23.026974863707,1350.3696699310071,0,Sunscreen
36.29682266525233,42.099927644503076,1324.1693646228375,1,Ice Cream
26.31417278856705,36.42453385808066,2576.9959489524463,0,Sunscreen
40.51055233390021,38.82237232498623,8800.933190554002,0,Ice Cream
34.065776694960554,32.808091884053574,3542.30869579324,1,Sunscreen
35.4878053865516,8.871438473485343,9554.132535177661,0,Cold Drinks
33.81525493876456,27.251345944846918,6234.600636902742,0,Sunscreen
33.01526121750652,49.23348697622541,4929.5277079188945,0,Sunscreen
36.192806626164355,46.869403324855945,6220.799512025092,0,Ice Cream
28.10480491861425,2.1586867898505835,5650.2854670364095,0,Sunscreen
28.63856260990542,8.240740786471857,7828.986283815926,1,Swimwear
42.235712420270346,6.586438672728096,3542.46459375567,1,Cold Drinks
43.922309242672654,36.29899549926478,4177.453524402721,0,Ice Cream
32.46618632559506,40.889266492847256,9046.848722799255,0,Sunscreen
30.414893462871078,10.675568315533596,9518.10861835365,0,Cold Drinks
37.87999086478031,25.29263464759145,9033.02404737827,1,Ice Cream
33.17468342196193,42.03515140056,4775.031945615822,1,Sunscreen
25.507727113206897,36.64007723831253,8023.289527061935,0,Sunscreen
28.12305194732381,27.111860274592413,5287.021599709889,0,Sunscreen
39.31944457694795,29.517384522938645,5477.85866931492,1,Ice Cream
38.17847883820303,25.418027345813996,2842.1209815155553,0,Ice Cream
25.541919850069668,14.877422565941028,6320.172729326648,1,Sunscreen
29.43944323865899,28.251099642950805,2675.2230797801312,1,Sunscreen
29.62149593176143,34.44426510250453,3984.082291604744,0,Sunscreen
38.437854871974565,43.666145793040386,8695.271814579417,1,Ice Cream
25.394210755087283,31.814567698962403,2863.682282897697,0,Sunscreen
27.082171639691477,38.0560768521579,1640.4245665608953,0,Sunscreen
40.99832170746379,8.00358174772865,1621.0683335153467,0,Cold Drinks
28.570893241086672,23.077873720989494,9467.06068452797,0,Sunscreen
38.054922157037495,0.4665809913546648,5562.283941656511,0,Cold Drinks
29.76365562093453,12.333943226081152,4684.708646353165,0,Sunscreen
26.988827855186905,36.32308575565024,8297.907229071265,1,Swimwear
29.86344381998908,49.59049756746817,8522.433351194644,1,Swimwear
39.44533863711318,4.9589049793607956,3989.7192980404416,1,Cold Drinks
42.11392936212572,20.074715793064414,7242.562517264157,1,Ice Cream
41.604397291339836,40.00354843495798,7940.10534266698,0,Ice Cream
32.943670592369095,10.201781731444942,6891.856181793591,1,Cold Drinks
38.36170273141292,27.75424746511431,2364.3556732008947,1,Ice Cream
29.09968590831642,36.65356480148374,8882.947751653513,1,Swimwear
30.862954605220267,30.79927251300895,5851.850974624078,0,Sunscreen
42.9267163704224,9.401236730770806,3542.251837330033,1,Cold Drinks
25.26003847021472,17.769228434286973,4827.053668939245,0,Sunscreen
26.71017061708936,39.18958922426986,1338.1398135901663,1,Sunscreen
29.157725102920544,27.71132570660083,2150.801211001758,0,Sunscreen
25.530644077476396,0.26148067714563683,7889.920754642748,0,Sunscreen
28.628708701795947,38.04953800140469,1000.1047127982953,1,Sunscreen
36.66083121939384,1.7655677470119535,4749.09245634063,0,Cold Drinks
33.42849101184996,37.286689136561606,5702.591629770296,0,Sunscreen
42.8534342215395,10.12402800826187,1491.7097800087506,1,Cold Drinks
41.34887123476882,47.90367400596901,9757.703466750996,1,Ice Cream
31.83634703395752,18.397037565104224,3035.1279812470475,1,Sunscreen
30.188468668625852,16.346580816903955,3737.7884767265277,0,Sunscreen
32.59384816334534,7.444402516622234,3735.482610295246,0,Cold Drinks
36.80589885029615,15.280210774510744,3073.7499590561492,0,Sunscreen
30.361272816457525,43.83253809141003,1013.2643987768028,1,Sunscreen
37.48297815698268,49.81671688136237,7564.103146791967,0,Ice Cream
33.18823304382481,18.415476525342417,9701.609498193568,0,Sunscreen
36.0409436170396,22.430531547727128,3018.6413495654056,0,Ice Cream
33.722530582706334,36.10354691013685,6967.424726230802,0,Sunscreen
30.889315190838353,44.30978902325373,7677.066942628436,0,Sunscreen
43.96906613924313,29.652216709339207,8635.828411814724,0,Ice Cream
40.27211588319521,19.576284908891466,4803.662773122482,0,Sunscreen
27.802263515329052,20.631092042431188,3726.3781507638632,1,Sunscreen
42.36935951795826,34.78090732484034,3927.65620620728,1,Ice Cream
34.74862396499027,0.16091318021393408,7413.591997886616,1,Cold Drinks
42.891044537881825,30.979466872992035,8351.015198550725,0,Ice Cream
40.99710511894631,17.77465052206787,2634.525709809424,0,Sunscreen
33.50427008938467,39.70986656385421,4338.469073419887,1,Sunscreen
25.44938616640235,4.649531991156608,9117.46177074235,0,Sunscreen
30.37354718769892,29.410113347419525,8260.241677252652,1,Swimwear
35.83268429321734,24.04864449430619,9863.725624862282,0,Ice Cream
37.669564396522944,32.11627629526137,7788.234337138727,0,Ice Cream
30.157753708664046,3.2426797241484175,4538.756809251301,1,Cold Drinks
27.78712148145648,28.999189371406565,6315.74050595174,1,Sunscreen
41.69860473598598,28.074229397976186,6949.128288225883,1,Ice Cream
44.68804361407104,28.033004720808545,1706.1023468541157,1,Ice Cream
35.51380364605372,30.17438332982274,5900.472631934786,1,Ice Cream
28.43358571696607,33.82339686131811,7383.887456253487,0,Sunscreen
30.44614653038738,40.249449984038485,2505.8917360095434,0,Sunscreen
25.367813530949334,13.491036006410717,8025.685456830014,0,Sunscreen
43.28597613120998,41.2524705090031,6253.955024627005,1,Ice Cream
27.355021657802823,24.91278411317268,9569.996071278352,1,Swimwear
36.53032951028507,3.8529139567165585,1381.8006838620254,1,Cold Drinks
30.48110441374412,2.92754646219896,3387.935237999203,1,Cold Drinks
36.08356005031587,16.71191593480304,6413.984913698417,1,Sunscreen
38.02840776703729,39.24484885557338,3669.039209853376,1,Ice Cream
41.594836074144034,35.384046737045786,7429.81747664118,0,Ice Cream
29.128425435212066,39.43074823362032,7831.047542697379,0,Sunscreen
25.21991657316961,25.86345282208047,1922.64367659827,0,Sunscreen
27.737712601376145,22.00994989777453,5624.69017786091,0,Sunscreen
43.0003728369621,7.372626335314197,5580.015000319503,0,Cold Drinks
42.47780155125031,16.40963768046558,4323.526931939869,1,Sunscreen
36.94826204340617,21.700968308693763,9396.32376312705,1,Ice Cream
37.010337208673064,4.430021483980862,8447.556878858992,1,Swimwear
38.30073349092511,11.030597635560563,7274.884437186731,1,Cold Drinks
28.507425572468993,29.91126470318694,7428.939721614978,1,Sunscreen
43.2882389184992,36.783155711959495,5155.445294318072,1,Ice Cream
33.375410497841465,49.91737556964748,9288.950689869183,0,Sunscreen
32.66277056498995,46.65566656717788,7251.358845279568,1,Sunscreen
35.378354105656754,32.12825997675958,7560.829554902348,1,Ice Cream
25.9393193355011,21.0624026647036,8755.218134086106,1,Swimwear
28.32566737512159,31.808868235411637,3466.644304079719,1,Sunscreen
39.760672328527406,39.282580904011596,8263.638134800327,0,Ice Cream
26.65597335850253,5.916809546169366,2757.1654266084283,0,Sunscreen
37.06304218932776,20.495244484814414,4108.07757020399,1,Ice Cream
29.90698219362642,41.99011428178086,4020.4940884285843,0,Sunscreen
32.78591228083953,19.1916475966522,9806.729215502264,0,Sunscreen
30.773874735413997,28.593613561359327,8708.835013731343,1,Swimwear
32.11345432929898,29.38846804310991,7310.528754312338,1,Sunscreen
39.380918103684905,9.223812656681968,7543.510854538511,1,Swimwear
30.9424343124635,18.11177208261442,6058.65514962314,1,Sunscreen
36.32809280593794,16.725564437096608,9523.816003976672,1,Swimwear
34.52100804398199,1.3098354266032397,5466.328775941254,0,Cold Drinks
38.27342330725296,1.2095881945677622,4424.659388829051,1,Cold Drinks
43.73659478649516,41.584852183788676,2467.318032384319,1,Ice Cream
39.651441944205004,13.65354049864062,8075.850870349522,1,Swimwear
29.298807571815136,25.90393831194077,7609.995388680323,0,Sunscreen
25.623662701225694,14.936278679438653,4459.195346717213,1,Sunscreen
30.2452808859965,47.03396225576702,1226.7407256330644,1,Sunscreen
36.9015586140051,12.964837943288687,8550.975949462096,1,Swimwear
26.028516269685007,21.482840636946754,1102.7618510866628,0,Sunscreen
34.927324944024726,43.63651252423009,7333.298016661459,1,Sunscreen
36.93685697833779,42.09667833959043,9732.313987534513,1,Ice Cream
31.684877816339217,9.305070892313866,4938.951953333832,1,Cold Drinks
40.41824407491644,40.13216548978552,3114.760644963575,0,Ice Cream
27.131965062675437,22.909344336894634,7343.839090390436,1,Sunscreen
26.502755634716173,24.14844360426776,8354.153278140268,1,Swimwear
39.563775124072066,6.673998620797189,5917.872844700626,1,Cold Drinks
34.90982632412397,4.0300756878562325,9703.317477305316,0,Cold Drinks
38.76804792855472,36.39696534868826,1465.01849492165,1,Ice Cream
33.696546772074925,24.823057617764988,5543.160384740753,1,Sunscreen
29.928040664782138,21.84253513075898,7466.08552590295,1,Sunscreen
41.38204635348399,36.475411432619836,8763.76424034261,0,Ice Cream
40.98831757937958,38.275644949555485,2613.3005071701104,0,Ice Cream
38.893929417088536,7.945408383467678,8200.031335873133,1,Swimwear
30.44290274459925,30.511257473882065,5974.363681466907,0,Sunscreen
36.80461333738174,6.767704113884276,4568.983137909669,0,Cold Drinks
32.21947793880054,37.56875430145229,2185.4352572118423,0,Sunscreen
26.831641466532684,32.84775781335698,8787.661830180212,1,Swimwear
43.34627150924486,47.8307310541729,2415.4588736174383,1,Ice Cream
27.736372618379228,3.447900817821059,3788.090732881893,0,Sunscreen
44.00474707641605,2.8527360575627156,3610.4097876619317,0,Cold Drinks
33.92011545915911,14.109353734660008,8842.726307717689,0,Cold Drinks
